Date,ln std,ln std(-1),ln std(-2),ln VIX(-1),ln VIX(-2),R(-1),R(-2)
1990-05-07,2.30149,2.45511,2.42041,3.09241,3.09241,2.20231,1.41607
1990-06-07,2.46107,2.30149,2.45511,2.87074,3.09241,-0.16418,2.20231
1990-07-10,2.55185,2.46107,2.30149,2.82613,2.87074,6.64259,-0.16418
1990-08-09,2.81265,2.55185,2.46107,2.8285,2.82613,-1.83395,6.64259
1990-09-11,3.11561,2.81265,2.55185,3.19417,2.8285,-4.64249,-1.83395
1990-10-11,3.02304,3.11561,2.81265,3.34568,3.19417,-5.5598,-4.64249
1990-11-12,2.99863,3.02304,3.11561,3.52577,3.34568,-7.96785,-5.5598
1990-12-13,2.47446,2.99863,3.02304,3.24259,3.52577,8.1297,-7.96785
1991-01-16,2.49956,2.47446,2.99863,3.13767,3.24259,3.08627,8.1297
1991-02-15,2.92205,2.49956,2.47446,3.50255,3.13767,-3.99891,3.08627
1991-03-21,2.54237,2.92205,2.49956,2.974,3.50255,16.72834,-3.99891
1991-04-23,2.72738,2.54237,2.92205,2.82494,2.974,-0.76071,16.72834
1991-05-23,2.58029,2.72738,2.54237,2.83439,2.82494,4.14098,-0.76071
1991-06-25,2.53842,2.58029,2.72738,2.77944,2.83439,-1.78122,4.14098
1991-07-26,2.40929,2.53842,2.58029,2.882,2.77944,-1.14946,-1.78122
1991-08-27,2.72393,2.40929,2.53842,2.73761,2.882,2.77351,-1.14946
1991-09-27,2.04736,2.72393,2.40929,2.73826,2.73761,3.18431,2.77351
1991-10-29,2.42948,2.04736,2.72393,2.79178,2.73826,-1.8216,3.18431
1991-11-29,2.71381,2.42948,2.04736,2.74406,2.79178,1.44597,-1.8216
1992-01-02,2.58222,2.71381,2.42948,3.00865,2.74406,-4.15347,1.44597
1992-02-03,2.29527,2.58222,2.71381,2.9418,3.00865,11.20409,-4.15347
1992-03-05,2.38547,2.29527,2.58222,2.90142,2.9418,-1.85256,11.20409
1992-04-06,2.0653,2.38547,2.29527,2.91615,2.90142,-0.73743,-1.85256
1992-05-07,2.60098,2.0653,2.38547,2.81661,2.91615,-0.22632,-0.73743
1992-06-09,2.20344,2.60098,2.0653,2.80578,2.81661,2.52965,-0.22632
1992-07-10,2.34849,2.20344,2.60098,2.77071,2.80578,-1.39233,2.52965
1992-08-11,2.08412,2.34849,2.20344,2.6174,2.77071,1.11203,-1.39233
1992-09-11,2.01194,2.08412,2.34849,2.71403,2.6174,1.03227,1.11203
1992-10-13,2.52528,2.01194,2.08412,2.52333,2.71403,0.16233,1.03227
1992-11-12,1.99184,2.52528,2.01194,2.8848,2.52333,-2.45007,0.16233
1992-12-15,1.8207,1.99184,2.52528,2.66514,2.8848,3.31542,-2.45007
1993-01-18,2.05562,1.8207,1.99184,2.5185,2.66514,2.29385,3.31542
1993-02-18,2.39577,2.05562,1.8207,2.44148,2.5185,0.98712,2.29385
1993-03-22,2.39056,2.39577,2.05562,2.7447,2.44148,-1.13085,0.98712
1993-04-22,2.32498,2.39056,2.39577,2.61447,2.7447,3.93147,-1.13085
1993-05-24,2.30409,2.32498,2.39056,2.54003,2.61447,-2.09856,3.93147
1993-06-24,2.1227,2.30409,2.32498,2.64617,2.54003,1.94329,-2.09856
1993-07-27,2.14441,2.1227,2.30409,2.50553,2.64617,-0.30804,1.94329
1993-08-26,1.76223,2.14441,2.1227,2.42834,2.50553,0.36272,-0.30804
1993-09-28,2.00075,1.76223,2.14441,2.49651,2.42834,2.85561,0.36272
1993-10-28,1.80344,2.00075,1.76223,2.50062,2.49651,0.10628,2.85561
1993-11-30,2.08882,1.80344,2.00075,2.47486,2.50062,1.34336,0.10628
1993-12-31,1.70643,2.08882,1.80344,2.62177,2.47486,-1.26996,1.34336
1994-02-01,1.91826,1.70643,2.08882,2.45616,2.62177,1.00912,-1.26996
1994-03-04,2.38459,1.91826,1.70643,2.36556,2.45616,2.82345,1.00912
1994-04-06,2.56072,2.38459,1.91826,2.77259,2.36556,-3.10246,2.82345
1994-05-09,2.32792,2.56072,2.38459,2.85532,2.77259,-3.59126,-3.10246
1994-06-09,2.02988,2.32792,2.56072,2.78254,2.85532,-1.27888,-3.59126
1994-07-12,2.24913,2.02988,2.32792,2.58097,2.78254,3.51329,-1.27888
1994-08-11,1.87386,2.24913,2.02988,2.59525,2.58097,-2.16442,3.51329
1994-09-13,2.13042,1.87386,2.24913,2.49568,2.59525,2.44,-2.16442
1994-10-13,2.4634,2.13042,1.87386,2.62249,2.49568,1.88067,2.44
1994-11-14,2.32314,2.4634,2.13042,2.70136,2.62249,0.05989,1.88067
1994-12-15,2.36998,2.32314,2.4634,2.81421,2.70136,-0.3741,0.05989
1995-01-18,1.72345,2.36998,2.32314,2.5549,2.81421,-2.29594,-0.3741
1995-02-17,1.89199,1.72345,2.36998,2.44842,2.5549,3.15588,-2.29594
1995-03-22,2.01147,1.89199,1.72345,2.46044,2.44842,2.61012,3.15588
1995-04-24,1.81734,2.01147,1.89199,2.42392,2.46044,2.8425,2.61012
1995-05-24,2.06402,1.81734,2.01147,2.47822,2.42392,3.47409,2.8425
1995-06-26,2.40128,2.06402,1.81734,2.42126,2.47822,3.06498,3.47409
1995-07-27,2.20636,2.40128,2.06402,2.4681,2.42126,2.936,3.06498
1995-08-28,1.59407,2.20636,2.40128,2.5787,2.4681,3.87591,2.936
1995-09-28,1.73957,1.59407,2.20636,2.52413,2.5787,-1.09161,3.87591
1995-10-30,2.0072,1.73957,1.59407,2.52252,2.52413,4.79742,-1.09161
1995-11-30,2.01508,2.0072,1.73957,2.65746,2.52252,-0.4472,4.79742
1996-01-03,2.28945,2.01508,2.0072,2.44928,2.65746,3.79254,-0.4472
1996-02-02,2.51244,2.28945,2.01508,2.49321,2.44928,2.63475,3.79254
1996-03-06,2.55136,2.51244,2.28945,2.58249,2.49321,2.33696,2.63475
1996-04-08,2.7144,2.55136,2.51244,2.80699,2.58249,2.54152,2.33696
1996-05-08,2.32933,2.7144,2.55136,2.92959,2.80699,-1.19018,2.54152
1996-06-10,2.2737,2.32933,2.7144,2.75874,2.92959,0.08227,-1.19018
1996-07-11,2.37782,2.2737,2.32933,2.82019,2.75874,4.24803,0.08227
1996-08-12,2.74115,2.37782,2.2737,2.87976,2.82019,-3.94103,4.24803
1996-09-12,2.28887,2.74115,2.37782,2.74535,2.87976,3.11305,-3.94103
1996-10-14,2.06598,2.28887,2.74115,2.77071,2.74535,0.80809,3.11305
1996-11-13,2.08443,2.06598,2.28887,2.71668,2.77071,4.82604,0.80809
1996-12-16,2.4209,2.08443,2.06598,2.70069,2.71668,3.9216,4.82604
1997-01-17,2.51712,2.4209,2.08443,3.09059,2.70069,-1.38826,3.9216
1997-02-20,2.63674,2.51712,2.4209,2.92477,3.09059,7.65486,-1.38826
1997-03-24,2.5579,2.63674,2.51712,3.06386,2.92477,3.36037,7.65486
1997-04-24,2.90546,2.5579,2.63674,2.99873,3.06386,-1.48356,3.36037
1997-05-27,2.82999,2.90546,2.5579,3.03639,2.99873,-2.49213,-1.48356
1997-06-26,2.69795,2.82999,2.90546,2.96321,3.03639,10.1831,-2.49213
1997-07-29,2.64254,2.69795,2.82999,3.08283,2.96321,3.99783,10.1831
1997-08-28,2.82578,2.64254,2.69795,3.09195,3.08283,6.63249,3.99783
1997-09-30,2.83684,2.82578,2.64254,3.19908,3.09195,-4.09853,6.63249
1997-10-30,3.47642,2.83684,2.82578,3.13157,3.19908,4.82588,-4.09853
1997-12-03,2.9158,3.47642,2.83684,3.64284,3.13157,-4.60265,4.82588
1998-01-06,2.7015,2.9158,3.47642,3.17471,3.64284,6.79517,-4.60265
1998-02-06,2.88436,2.7015,2.9158,3.24493,3.17471,-1.04323,6.79517
1998-03-11,2.40715,2.88436,2.7015,3.02091,3.24493,4.74663,-1.04323
1998-04-13,2.20961,2.40715,2.88436,2.93863,3.02091,5.53207,4.74663
1998-05-13,2.64078,2.20961,2.40715,3.12544,2.93863,3.85785,5.53207
1998-06-15,2.61462,2.64078,2.20961,3.01749,3.12544,0.82636,3.85785
1998-07-16,2.40873,2.61462,2.64078,3.25579,3.01749,-3.74041,0.82636
1998-08-17,3.03344,2.40873,2.61462,2.83145,3.25579,9.93306,-3.74041
1998-09-17,3.68792,3.03344,2.40873,3.46135,2.83145,-8.47304,9.93306
1998-10-19,3.35677,3.68792,3.03344,3.66944,3.46135,-5.97968,-8.47304
1998-11-18,2.4091,3.35677,3.68792,3.50044,3.66944,4.2714,-5.97968
1998-12-21,3.02545,2.4091,3.35677,3.30064,3.50044,7.72692,4.2714
1999-01-25,2.96166,3.02545,2.4091,3.1722,3.30064,5.09926,7.72692
1999-02-25,3.08418,2.96166,3.02545,3.43817,3.1722,2.58887,5.09926
1999-03-29,2.91022,3.08418,2.96166,3.33256,3.43817,0.89467,2.58887
1999-04-29,2.89187,2.91022,3.08418,3.1587,3.33256,5.23285,0.89467
1999-06-01,2.93546,2.89187,2.91022,3.22127,3.1587,2.49281,5.23285
1999-07-01,2.76771,2.93546,2.89187,3.28166,3.22127,-3.61699,2.49281
1999-08-03,2.5772,2.76771,2.93546,2.98011,3.28166,6.69881,-3.61699
1999-09-02,2.89519,2.5772,2.76771,3.26843,2.98011,-4.25646,6.69881
1999-10-05,2.89363,2.89519,2.5772,3.1999,3.26843,-0.23219,-4.25646
1999-11-04,3.13349,2.89363,2.89519,3.21044,3.1999,-1.34636,-0.23219
1999-12-07,2.64312,3.13349,2.89363,3.13549,3.21044,4.70972,-1.34636
2000-01-07,2.89812,2.64312,3.13349,3.0488,3.13549,3.4147,4.70972
2000-02-09,3.02647,2.89812,2.64312,3.07823,3.0488,2.29213,3.4147
2000-03-13,3.09703,3.02647,2.89812,3.13114,3.07823,-2.06456,2.29213
2000-04-12,3.1996,3.09703,3.02647,3.12895,3.13114,-1.98979,-2.06456
2000-05-15,3.50141,3.1996,3.09703,3.36661,3.12895,6.03851,-1.98979
2000-06-15,3.06462,3.50141,3.1996,3.21326,3.36661,-1.00943,6.03851
2000-07-18,2.7015,3.06462,3.50141,3.02917,3.21326,1.81567,-1.00943
2000-08-17,2.70109,2.7015,3.06462,2.98315,3.02917,1.01506,1.81567
2000-09-19,2.33538,2.70109,2.7015,2.86106,2.98315,0.15598,1.01506
2000-10-19,3.16837,2.33538,2.70109,2.97246,2.86106,-2.41767,0.15598
2000-11-20,2.99847,3.16837,2.33538,3.22247,2.97246,-4.87294,-2.41767
2000-12-21,3.21607,2.99847,3.16837,3.31164,3.22247,-3.32239,-4.87294
2001-01-25,3.22187,3.21607,2.99847,3.3898,3.31164,-5.04685,-3.32239
2001-02-27,2.76447,3.22187,3.21607,3.11972,3.3898,6.48306,-5.04685
2001-03-29,3.3346,2.76447,3.22187,3.27677,3.11972,-7.33475,6.48306
2001-05-01,3.36123,3.3346,2.76447,3.37314,3.27677,-8.74366,-7.33475
2001-06-01,2.80107,3.36123,3.3346,3.18635,3.37314,10.32188,-8.74366
2001-07-03,2.59917,2.80107,3.36123,3.07223,3.18635,-0.45561,10.32188
2001-08-03,2.89302,2.59917,2.80107,2.94022,3.07223,-2.07985,-0.45561
2001-09-05,2.70327,2.89302,2.59917,2.99022,2.94022,-1.62826,-2.07985
2001-10-11,3.44361,2.70327,2.89302,3.27147,2.99022,-6.80282,-1.62826
2001-11-12,2.88255,3.44361,2.70327,3.44999,3.27147,-3.03162,-6.80282
2001-12-13,2.83372,2.88255,3.44361,3.37929,3.44999,1.90445,-3.03162
2002-01-16,2.44552,2.83372,2.88255,3.25463,3.37929,0.09389,1.90445
2002-02-19,2.95009,2.44552,2.83372,3.15487,3.25463,0.73166,0.09389
2002-03-21,2.79746,2.95009,2.44552,3.19581,3.15487,-3.92259,0.73166
2002-04-23,2.7326,2.79746,2.95009,2.89867,3.19581,6.48458,-3.92259
2002-05-23,3.09879,2.7326,2.79746,3.00964,2.89867,-4.56228,6.48458
2002-06-25,2.93037,3.09879,2.7326,2.90307,3.00964,-0.35242,-4.56228
2002-07-26,3.60774,2.93037,3.09879,3.32647,2.90307,-11.02381,-0.35242
2002-08-27,3.59939,3.60774,2.93037,3.56981,3.32647,-12.63138,-11.02381
2002-09-27,3.33254,3.59939,3.60774,3.40486,3.56981,9.61259,-12.63138
2002-10-29,3.58979,3.33254,3.59939,3.61011,3.40486,-11.49419,9.61259
2002-11-29,3.11125,3.58979,3.33254,3.47414,3.61011,6.62098,-11.49419
2003-01-02,3.02561,3.11125,3.58979,3.31419,3.47414,6.13955,6.62098
2003-02-04,3.07449,3.02561,3.11125,3.23436,3.31419,-2.91356,6.13955
2003-03-07,2.89499,3.07449,3.02561,3.48921,3.23436,-6.69175,-2.91356
2003-04-08,3.29032,2.89499,3.07449,3.43656,3.48921,-2.27659,-6.69175
2003-05-09,2.86053,3.29032,2.89499,3.30064,3.43656,5.95978,-2.27659
2003-06-11,2.73023,2.86053,3.29032,2.98011,3.30064,6.27583,5.95978
2003-07-14,2.78554,2.73023,2.86053,3.00618,2.98011,6.86408,6.27583
2003-08-13,2.63518,2.78554,2.73023,2.97502,3.00618,0.63961,6.86408
2003-09-15,2.31373,2.63518,2.78554,2.93226,2.97502,-1.97538,0.63961
2003-10-15,2.70824,2.31373,2.63518,2.95907,2.93226,3.12795,-1.97538
2003-11-14,2.38214,2.70824,2.31373,2.873,2.95907,3.14837,3.12795
2003-12-17,2.41104,2.38214,2.70824,2.82968,2.873,0.34296,3.14837
2004-01-21,2.14966,2.41104,2.38214,2.74599,2.82968,2.48774,0.34296
2004-02-23,2.40131,2.14966,2.41104,2.66305,2.74599,6.60858,2.48774
2004-03-24,2.55965,2.40131,2.14966,2.79055,2.66305,-0.57772,6.60858
2004-04-26,2.5106,2.55965,2.40131,2.98619,2.79055,-4.35236,-0.57772
2004-05-26,2.46945,2.5106,2.55965,2.6926,2.98619,4.0501,-4.35236
2004-06-29,2.23968,2.46945,2.5106,2.77071,2.6926,-1.81325,4.0501
2004-07-30,2.22764,2.23968,2.46945,2.7389,2.77071,1.90683,-1.81325
2004-08-31,2.55365,2.22764,2.23968,2.72916,2.7389,-3.03468,1.90683
2004-10-01,2.32226,2.55365,2.22764,2.7272,2.72916,0.22873,-3.03468
2004-11-02,2.37068,2.32226,2.55365,2.54553,2.7272,2.46867,0.22873
2004-12-03,2.34758,2.37068,2.32226,2.78378,2.54553,-0.08308,2.46867
2005-01-05,2.20417,2.34758,2.37068,2.56187,2.78378,5.36106,-0.08308
2005-02-07,2.24855,2.20417,2.34758,2.64547,2.56187,-0.62376,5.36106
2005-03-10,2.32106,2.24855,2.20417,2.46215,2.64547,1.51891,-0.62376
2005-04-12,2.25578,2.32106,2.24855,2.52493,2.46215,0.6266,1.51891
2005-05-12,2.72878,2.25578,2.32106,2.4248,2.52493,-1.77713,0.6266
2005-06-14,2.04064,2.72878,2.25578,2.78006,2.4248,-2.39106,-1.77713
2005-07-15,2.18581,2.04064,2.72878,2.46725,2.78006,3.84264,-2.39106
2005-08-16,2.22723,2.18581,2.04064,2.33505,2.46725,1.99434,3.84264
2005-09-16,2.13336,2.22723,2.18581,2.60417,2.33505,-0.69874,1.99434
2005-10-18,2.25043,2.13336,2.22723,2.4177,2.60417,1.52296,-0.69874
2005-11-17,2.53747,2.25043,2.13336,2.72981,2.4177,-4.8283,1.52296
2005-12-20,2.00007,2.53747,2.25043,2.42037,2.72981,5.48831,-4.8283
2006-01-24,2.36592,2.00007,2.53747,2.41502,2.42037,1.3534,5.48831
2006-02-24,2.15133,2.36592,2.00007,2.58852,2.41502,0.57478,1.3534
2006-03-28,2.10462,2.15133,2.36592,2.43886,2.58852,1.78157,0.57478
2006-04-28,2.16242,2.10462,2.15133,2.44928,2.43886,0.2947,1.78157
2006-05-31,2.50479,2.16242,2.10462,2.45014,2.44928,1.34392,0.2947
2006-06-30,2.74153,2.50479,2.16242,2.79972,2.45014,-3.09169,1.34392
2006-08-02,2.57125,2.74153,2.50479,2.57108,2.79972,0.00866,-3.09169
2006-09-01,1.93366,2.57125,2.74153,2.66305,2.57108,0.56763,0.00866
2006-10-04,2.12242,1.93366,2.57125,2.48157,2.66305,2.63032,0.56763
2006-11-03,1.83531,2.12242,1.93366,2.47317,2.48157,2.9893,2.63032
2006-12-06,2.09764,1.83531,2.12242,2.41234,2.47317,1.04429,2.9893
2007-01-10,1.77153,2.09764,1.83531,2.42745,2.41234,3.56227,1.04429
2007-02-12,2.01441,1.77153,2.09764,2.43973,2.42745,0.13801,3.56227
2007-03-15,2.79717,2.01441,1.77153,2.45187,2.43973,1.30897,0.13801
2007-04-17,2.23703,2.79717,2.01441,2.79911,2.45187,-2.86667,1.30897
2007-05-17,2.17815,2.23703,2.79717,2.49651,2.79911,5.68851,-2.86667
2007-06-19,2.46459,2.17815,2.23703,2.60343,2.49651,2.80466,5.68851
2007-07-20,2.54479,2.46459,2.17815,2.55334,2.60343,1.3849,2.80466
2007-08-21,3.17291,2.54479,2.46459,2.83027,2.55334,0.02608,1.3849
2007-09-21,2.9474,3.17291,2.54479,3.22883,2.83027,-5.66977,0.02608
2007-10-23,2.52695,2.9474,3.17291,2.94444,3.22883,5.43355,-5.66977
2007-11-23,3.09691,2.52695,2.9474,3.01602,2.94444,-0.40374,5.43355
2007-12-26,3.019,3.09691,2.52695,3.24298,3.01602,-5.19153,-0.40374
2008-01-29,3.11054,3.019,3.09691,2.92638,3.24298,3.95363,-5.19153
2008-02-29,2.99803,3.11054,3.019,3.30762,2.92638,-9.0381,3.95363
2008-04-02,3.38363,2.99803,3.11054,3.27865,3.30762,-2.32474,-9.0381
2008-05-02,2.68138,3.38363,2.99803,3.15402,3.27865,2.77312,-2.32474
2008-06-04,2.55649,2.68138,3.38363,2.90032,3.15402,3.39078,2.77312
2008-07-07,2.96807,2.55649,2.68138,3.03495,2.90032,-2.59566,3.39078
2008-08-06,3.17024,2.96807,2.55649,3.2496,3.03495,-9.0684,-2.59566
2008-09-08,3.04412,3.17024,2.96807,3.00717,3.2496,2.94496,-9.0684
2008-10-08,4.01069,3.04412,3.17024,3.11972,3.00717,-1.65996,2.94496
2008-11-07,4.41035,4.01069,3.04412,4.05231,3.11972,-22.31048,-1.65996
2008-12-10,4.25131,4.41035,4.01069,4.02714,4.05231,-5.47749,-22.31048
2009-01-13,3.43701,4.25131,4.41035,4.02052,4.02714,-3.41035,-5.47749
2009-02-13,3.64492,3.43701,4.25131,3.76746,4.02052,-3.05258,-3.41035
2009-03-18,3.81526,3.64492,3.43701,3.75957,3.76746,-5.15606,-3.05258
2009-04-20,3.70297,3.81526,3.64492,3.69038,3.75957,-3.92942,-5.15606
2009-05-20,3.24632,3.70297,3.81526,3.66817,3.69038,4.78882,-3.92942
2009-06-22,3.1292,3.24632,3.70297,3.36833,3.66817,8.53927,4.78882
2009-07-23,3.04708,3.1292,3.24632,3.43946,3.36833,-1.15444,8.53927
2009-08-24,2.7573,3.04708,3.1292,3.15402,3.43946,9.32209,-1.15444
2009-09-24,2.6043,2.7573,3.04708,3.22446,3.15402,5.04768,9.32209
2009-10-26,2.84209,2.6043,2.7573,3.21687,3.22446,2.45815,5.04768
2009-11-25,2.96716,2.84209,2.6043,3.19089,3.21687,1.53886,2.45815
2009-12-29,2.43346,2.96716,2.84209,3.01945,3.19089,4.09391,1.53886
2010-02-01,2.77572,2.43346,2.96716,2.99623,3.01945,1.40191,4.09391
2010-03-04,2.77525,2.77572,2.43346,3.11751,2.99623,-3.28627,1.40191
2010-04-07,2.03861,2.77525,2.77572,2.92959,3.11751,3.10139,-3.28627
2010-05-10,3.18195,2.03861,2.77525,2.81061,2.92959,3.86034,3.10139
2010-06-10,3.36514,3.18195,2.03861,3.36176,2.81061,-2.25127,3.86034
2010-07-13,3.0158,3.36514,3.18195,3.42002,3.36176,-6.28508,-2.25127
2010-08-12,2.97846,3.0158,3.36514,3.20112,3.42002,0.78208,-6.28508
2010-09-14,2.86177,2.97846,3.0158,3.24766,3.20112,-1.0709,0.78208
2010-10-14,2.54029,2.86177,2.97846,3.07084,3.24766,3.45973,-1.0709
2010-11-15,2.43214,2.54029,2.86177,2.98971,3.07084,4.70163,3.45973
2010-12-16,2.6456,2.43214,2.54029,3.00568,2.98971,2.03951,4.70163
2011-01-19,1.95899,2.6456,2.43214,2.8559,3.00568,3.76706,2.03951
2011-02-18,2.26203,1.95899,2.6456,2.85128,2.8559,3.14192,3.76706
2011-03-23,2.86654,2.26203,1.95899,2.79911,2.85128,4.76551,3.14192
2011-04-25,2.16526,2.86654,2.26203,2.95335,2.79911,-3.38568,4.76551
2011-05-25,2.32997,2.16526,2.86654,2.75811,2.95335,2.90627,-3.38568
2011-06-27,2.73179,2.32997,2.16526,2.83732,2.75811,-1.10691,2.90627
2011-07-28,2.74491,2.73179,2.32997,3.02335,2.83732,-3.05724,-1.10691
2011-08-29,3.8442,2.74491,2.73179,3.16716,3.02335,1.60691,-3.05724
2011-09-29,3.28707,3.8442,2.74491,3.47445,3.16716,-6.96487,1.60691
2011-10-31,3.3928,3.28707,3.8442,3.65945,3.47445,-4.10551,-6.96487
2011-12-01,3.38998,3.3928,3.28707,3.39986,3.65945,8.00586,-4.10551
2012-01-05,2.89107,3.38998,3.3928,3.31091,3.39986,-0.69576,8.00586
2012-02-07,2.0996,2.89107,3.38998,3.06712,3.31091,2.93111,-0.69576
2012-03-09,2.23849,2.0996,2.89107,2.87074,3.06712,5.1512,2.93111
2012-04-12,2.53353,2.23849,2.0996,2.83966,2.87074,1.76831,5.1512
2012-05-15,2.50158,2.53353,2.23849,2.84491,2.83966,-0.60031,1.76831
2012-06-15,2.86733,2.50158,2.53353,3.08968,2.84491,-2.88996,-0.60031
2012-07-18,2.77237,2.86733,2.50158,3.04975,3.08968,0.91534,-2.88996
2012-08-17,2.53725,2.77237,2.86733,2.78254,3.04975,2.2296,0.91534
2012-09-19,2.34415,2.53725,2.77237,2.59898,2.78254,3.3057,2.2296
2012-10-19,2.34129,2.34415,2.53725,2.63045,2.59898,3.02434,3.3057
2012-11-26,2.71914,2.34129,2.34415,2.83674,2.63045,-1.90685,3.02434
2012-12-28,2.29254,2.71914,2.34129,2.74084,2.83674,-0.48262,-1.90685
2013-01-31,2.36662,2.29254,2.71914,3.12325,2.74084,0.24947,-0.48262
2013-03-05,2.51118,2.36662,2.29254,2.65886,3.12325,6.82244,0.24947
2013-04-05,2.07653,2.51118,2.36662,2.60121,2.65886,2.78217,6.82244
2013-05-07,2.6382,2.07653,2.51118,2.63333,2.60121,0.87609,2.78217
2013-06-07,2.45531,2.6382,2.07653,2.55179,2.63333,4.67913,0.87609
2013-07-10,2.7089,2.45531,2.6382,2.71734,2.55179,1.07137,4.67913
2013-08-09,2.02404,2.7089,2.45531,2.65395,2.71734,0.56226,1.07137
2013-09-11,2.35059,2.02404,2.7089,2.596,2.65395,2.34779,0.56226
2013-10-11,2.50413,2.35059,2.02404,2.62612,2.596,-0.13539,2.34779
2013-11-12,2.28679,2.50413,2.35059,2.75493,2.62612,0.83297,-0.13539
2013-12-13,2.07707,2.28679,2.50413,2.55101,2.75493,3.7864,0.83297
2014-01-16,2.25004,2.07707,2.28679,2.75748,2.55101,0.43164,3.7864
2014-02-19,2.71968,2.25004,2.07707,2.52813,2.75748,3.97506,0.43164
2014-03-21,2.24732,2.71968,2.25004,2.74084,2.52813,-0.92855,3.97506
2014-04-23,2.54958,2.24732,2.71968,2.70805,2.74084,2.06535,-0.92855
2014-05-23,2.10503,2.54958,2.24732,2.58551,2.70805,0.47522,2.06535
2014-06-25,1.77373,2.10503,2.54958,2.4301,2.58551,1.34052,0.47522
2014-07-28,2.05227,1.77373,2.10503,2.45014,2.4301,3.1044,1.34052
2014-08-27,2.34334,2.05227,1.77373,2.53052,2.45014,0.98901,3.1044
2014-09-29,2.20747,2.34334,2.05227,2.4664,2.53052,1.0718,0.98901
2014-10-29,2.88076,2.20747,2.34334,2.77134,2.4664,-1.11593,1.0718
2014-12-01,1.79484,2.88076,2.20747,2.718,2.77134,0.22753,-1.11593
2015-01-02,2.70333,1.79484,2.88076,2.65956,2.718,3.58876,0.22753
2015-02-04,2.85173,2.70333,1.79484,2.87864,2.65956,0.23181,3.58876
2015-03-09,2.19144,2.85173,2.70333,2.90854,2.87864,-0.8109,0.23181
2015-04-10,2.57672,2.19144,2.85173,2.71204,2.90854,1.85745,-0.8109
2015-05-13,2.26933,2.57672,2.19144,2.53211,2.71204,3.03004,1.85745
2015-06-15,2.20188,2.26933,2.57672,2.62177,2.53211,0.28914,3.03004
2015-07-16,2.54926,2.20188,2.26933,2.73372,2.62177,-0.66953,0.28914
2015-08-17,2.26177,2.54926,2.20188,2.49403,2.73372,1.91227,-0.66953
2015-09-17,3.40506,2.26177,2.54926,2.56649,2.49403,-1.02858,1.91227
2015-10-19,2.82079,3.40506,2.26177,3.05117,2.56649,-5.33856,-1.02858
2015-11-18,2.62306,2.82079,3.40506,2.70672,3.05117,2.1837,-5.33856
2015-12-21,2.79715,2.62306,2.82079,2.82435,2.70672,2.45469,2.1837
2016-01-25,3.0105,2.79715,2.62306,2.92852,2.82435,-2.99629,2.45469
2016-02-25,2.98508,3.0105,2.79715,3.18428,2.92852,-7.12812,-2.99629
2016-03-29,2.46019,2.98508,3.0105,2.95021,3.18428,3.97532,-7.12812
2016-04-28,2.26526,2.46019,2.98508,2.62612,2.95021,5.29333,3.97532
2016-05-31,2.37845,2.26526,2.46019,2.72261,2.62612,1.01216,5.29333
2016-06-30,2.89662,2.37845,2.26526,2.65254,2.72261,1.01888,1.01216
2016-08-02,2.00882,2.89662,2.37845,2.74919,2.65254,0.09061,1.01888
2016-09-01,1.64673,2.00882,2.89662,2.59301,2.74919,2.7715,0.09061
2016-10-04,2.63726,1.64673,2.00882,2.60121,2.59301,0.64116,2.7715
2016-11-03,1.91105,2.63726,1.64673,2.61227,2.60121,-0.93834,0.64116
2016-12-06,2.22243,1.91105,2.63726,3.09467,2.61227,-2.87516,-0.93834
2017-01-09,2.08638,2.22243,1.91105,2.46725,3.09467,5.91623,-2.87516
2017-02-09,1.73956,2.08638,2.22243,2.44755,2.46725,2.56167,5.91623
2017-03-14,1.87801,1.73956,2.08638,2.38693,2.44755,1.71757,2.56167
2017-04-13,1.88081,1.87801,1.73956,2.5096,2.38693,2.49494,1.71757
2017-05-16,1.80689,1.88081,1.87801,2.77009,2.5096,-1.54305,2.49494
2017-06-16,2.07145,1.80689,1.88081,2.36556,2.77009,3.0795,-1.54305
2017-07-19,2.08888,2.07145,1.80689,2.33988,2.36556,1.35296,3.0795
2017-08-18,2.09402,2.08888,2.07145,2.28136,2.33988,1.67191,1.35296
2017-09-20,1.82106,2.09402,2.08888,2.65746,2.28136,-1.95163,1.67191
2017-10-20,1.28869,1.82106,2.09402,2.28034,2.65746,3.40912,-1.95163
2017-11-21,1.76885,1.28869,1.82106,2.29958,2.28034,2.67,3.40912
2017-12-22,1.82281,1.76885,1.28869,2.27521,2.29958,0.92497,2.67
2018-01-26,1.94638,1.82281,1.76885,2.29253,2.27521,3.2439,0.92497
2018-02-28,3.21301,1.94638,1.82281,2.40514,2.29253,7.06321,3.2439
2018-04-02,3.01663,3.21301,1.94638,2.9882,2.40514,-5.53593,7.06321
2018-05-02,2.69167,3.01663,3.21301,3.16209,2.9882,-4.86213,-5.53593
2018-06-04,2.33018,2.69167,3.01663,2.77071,3.16209,2.08337,-4.86213
2018-07-05,2.109,2.33018,2.69167,2.54475,2.77071,4.21904,2.08337
2018-08-06,2.0522,2.109,2.33018,2.70605,2.54475,-0.37352,4.21904
2018-09-06,1.95005,2.0522,2.109,2.42214,2.70605,4.15806,-0.37352
2018-10-08,1.79647,1.95005,2.0522,2.68444,2.42214,0.97004,4.15806
2018-11-07,3.18663,1.79647,1.95005,2.75302,2.68444,0.22168,0.97004
2018-12-11,3.02489,3.18663,1.79647,2.79484,2.75302,-2.44554,0.22168
2019-01-14,3.34802,3.02489,3.18663,3.08007,2.79484,-6.29413,-2.44554
2019-02-14,2.45339,3.34802,3.02489,2.94812,3.08007,-2.0544,-6.29413
2019-03-19,2.1404,2.45339,3.34802,2.78625,2.94812,6.31609,-2.0544
2019-04-18,2.29207,2.1404,2.45339,2.60712,2.78625,3.16273,6.31609
2019-05-21,2.56768,2.29207,2.1404,2.49238,2.60712,2.5581,3.16273
2019-06-21,2.51263,2.56768,2.29207,2.70471,2.49238,-1.39999,2.5581
2019-07-24,2.02497,2.51263,2.56768,2.73437,2.70471,3.00591,-1.39999
2019-08-23,3.0679,2.02497,2.51263,2.49072,2.73437,2.34201,3.00591
2019-09-25,2.24466,3.0679,2.02497,2.98921,2.49072,-5.7111,2.34201
2019-10-25,2.57665,2.24466,3.0679,2.77009,2.98921,4.83859,-5.7111
2019-11-26,1.69157,2.57665,2.24466,2.53766,2.77009,1.26237,4.83859
2019-12-30,2.02119,1.69157,2.57665,2.44582,2.53766,3.903,1.26237
2020-01-31,2.43051,2.02119,1.69157,2.69598,2.44582,2.57187,3.903
2020-03-04,3.49287,2.43051,2.02119,2.93598,2.69598,0.13131,2.57187
2020-04-03,4.4909,3.49287,2.43051,3.46542,2.93598,-2.95766,0.13131
2020-05-06,3.59765,4.4909,3.49287,3.84588,3.46542,-20.49346,-2.95766
2020-06-08,2.99631,3.59765,4.4909,3.52988,3.84588,14.45643,-20.49346
2020-07-09,3.31281,2.99631,3.59765,3.25076,3.52988,13.4801,14.45643
2020-08-10,2.40193,3.31281,2.99631,3.37622,3.25076,-2.48547,13.4801
2020-09-10,3.01996,2.40193,3.31281,3.09693,3.37622,6.6122,-2.48547
2020-10-12,2.92425,3.01996,2.40193,3.39148,3.09693,-0.63324,6.6122
2020-11-11,3.0422,2.92425,3.01996,3.22167,3.39148,5.84064,-0.63324
2020-12-14,2.48052,3.0422,2.92425,3.15487,3.22167,1.08765,5.84064
2021-01-15,2.3644,2.48052,3.0422,3.20761,3.15487,2.09452,1.08765
2021-02-18,2.72428,2.3644,2.48052,3.19212,3.20761,3.31077,2.09452
2021-03-22,2.89756,2.72428,2.3644,3.11307,3.19212,3.86705,3.31077
2021-04-23,2.40538,2.89756,2.72428,2.9381,3.11307,0.68013,3.86705
2021-05-26,2.5882,2.40538,2.89756,2.85244,2.9381,7.48315,0.68013
2021-06-28,2.10178,2.5882,2.40538,2.85417,2.85244,0.19987,7.48315
2021-07-29,2.3975,2.10178,2.5882,2.75748,2.85417,2.25501,0.19987
2021-08-30,2.11631,2.3975,2.10178,2.87356,2.75748,2.99584,2.25501
2021-09-30,2.49563,2.11631,2.3975,2.78439,2.87356,2.48102,2.99584
2021-11-01,2.33768,2.49563,2.11631,3.14156,2.78439,-4.88541,2.48102
2021-12-02,2.62456,2.33768,2.49563,2.79789,3.14156,7.10684,-4.88541
2022-01-04,2.7454,2.62456,2.33768,3.33042,2.79789,-0.79264,7.10684
2022-02-04,2.9713,2.7454,2.62456,2.82791,3.33042,4.72876,-0.79264
2022-03-09,3.18267,2.9713,2.7454,3.14501,2.82791,-6.1126,4.72876
2022-04-08,2.87234,3.18267,2.9713,3.4797,3.14501,-4.9472,-6.1126
2022-05-11,3.37045,2.87234,3.18267,3.05211,3.4797,4.91832,-4.9472
2022-06-13,3.40479,3.37045,2.87234,3.48308,3.05211,-12.32321,4.91832
2022-07-15,3.10295,3.40479,3.37045,3.52695,3.48308,-4.71516,-12.32321
2022-08-16,2.87877,3.10295,3.40479,3.18759,3.52695,3.02777,-4.71516
2022-09-16,3.14427,2.87877,3.10295,2.98011,3.18759,11.44245,3.02777
2022-10-18,3.31541,3.14427,2.87877,3.26957,2.98011,-10.03136,11.44245
2022-11-17,3.30942,3.31541,3.14427,3.41773,3.26957,-3.95913,-10.03136
2022-12-20,2.94867,3.30942,3.31541,3.17513,3.41773,6.09089,-3.95913
2023-01-24,2.84706,2.94867,3.30942,3.06712,3.17513,-3.1658,6.09089
2023-02-24,2.77072,2.84706,2.94867,2.95491,3.06712,5.11118,-3.1658
2023-03-28,2.82143,2.77072,2.84706,3.07593,2.95491,-1.1678,5.11118
2023-05-01,2.52675,2.82143,2.77072,2.99423,3.07593,0.03098,-1.1678
2023-06-02,2.60816,2.52675,2.82143,2.77758,2.99423,2.88928,0.03098
2023-07-06,2.27862,2.60816,2.52675,2.68102,2.77758,3.95162,2.88928
2023-08-07,2.23129,2.27862,2.60816,2.73696,2.68102,3.01749,3.95162
2023-09-07,2.41455,2.23129,2.27862,2.75811,2.73696,2.42203,3.01749
2023-10-09,2.52023,2.41455,2.23129,2.66723,2.75811,-1.48945,2.42203
2023-11-08,2.66509,2.52023,2.41455,2.87356,2.66723,-2.59439,-1.48945
2023-12-11,2.27053,2.66509,2.52023,2.67069,2.87356,1.0868,-2.59439
2024-01-12,2.32491,2.27053,2.66509,2.53607,2.67069,5.46822,1.0868
2024-02-14,2.46509,2.32491,2.27053,2.5416,2.53607,3.49145,5.46822
2024-03-18,2.42399,2.46509,2.32491,2.66584,2.5416,4.53172,3.49145
2024-04-18,2.40104,2.42399,2.46509,2.66236,2.66584,2.97563,4.53172
2024-05-20,2.40991,2.40104,2.42399,2.89037,2.66236,-2.68574,2.97563
2024-06-21,2.06559,2.40991,2.40104,2.49733,2.89037,5.92702,-2.68574
2024-07-24,2.52673,2.06559,2.40991,2.58022,2.49733,2.94812,5.92702
2024-08-23,2.98065,2.52673,2.06559,2.89259,2.58022,-0.68605,2.94812
2024-09-25,2.59539,2.98065,2.52673,2.7638,2.89259,3.82302,-0.68605
2024-10-25,2.20659,2.59539,2.98065,2.73502,2.7638,1.55556,3.82302
2024-11-26,2.58091,2.20659,2.59539,3.0121,2.73502,1.50046,1.55556
2024-12-30,2.62258,2.58091,2.20659,2.64617,3.0121,3.67606,1.50046
