y,slope(-1),Rme(-1),rec(-1),c
1.0,-0.35519,-0.081,1.0,1.0
1.0,-0.29604,0.0513,1.0,1.0
1.0,0.19654,-0.0106,1.0,1.0
1.0,0.47463,-0.11,1.0,1.0
1.0,0.53041,-0.0692,1.0,1.0
1.0,0.62834,-0.0579,1.0,1.0
1.0,0.63129,0.0693,1.0,1.0
1.0,0.65575,0.0449,1.0,1.0
1.0,0.61696,0.0418,1.0,1.0
1.0,0.81509,-0.0228,1.0,1.0
0.0,1.15916,0.046,1.0,1.0
0.0,1.274,0.0572,0.0,1.0
0.0,1.55789,0.0484,0.0,1.0
0.0,2.13264,0.0141,0.0,1.0
0.0,2.02807,0.0413,0.0,1.0
0.0,1.61595,0.0315,0.0,1.0
0.0,1.8102,-0.0398,0.0,1.0
0.0,1.31512,-0.001,0.0,1.0
0.0,0.84321,-0.045,0.0,1.0
0.0,1.11821,0.0379,0.0,1.0
0.0,0.95774,-0.0085,0.0,1.0
0.0,1.13418,-0.0442,0.0,1.0
0.0,1.24333,-0.0046,0.0,1.0
0.0,1.50831,0.0871,0.0,1.0
0.0,2.10286,0.0249,0.0,1.0
0.0,2.25576,0.0287,0.0,1.0
0.0,1.75154,0.0063,0.0,1.0
0.0,1.75345,0.0029,0.0,1.0
0.0,1.80809,0.0125,0.0,1.0
0.0,1.55678,-0.0243,0.0,1.0
0.0,1.40511,-0.008,0.0,1.0
0.0,1.44873,0.0326,0.0,1.0
0.0,1.18124,-0.0114,0.0,1.0
0.0,1.11552,0.0052,0.0,1.0
0.0,0.96803,0.046,0.0,1.0
0.0,0.83051,0.0062,0.0,1.0
0.0,0.60006,-0.0329,0.0,1.0
0.0,0.55595,-0.0485,0.0,1.0
0.0,-0.06909,-0.013,0.0,1.0
0.0,-0.11675,-0.0568,0.0,1.0
0.0,-0.04981,-0.0294,0.0,1.0
0.0,-0.62378,-0.0157,0.0,1.0
0.0,-1.31626,0.0505,0.0,1.0
0.0,-1.6059,-0.0382,0.0,1.0
0.0,-1.69059,0.0475,0.0,1.0
0.0,-0.8184,-0.0083,0.0,1.0
1.0,-1.52706,-0.1275,0.0,1.0
1.0,-1.10978,0.0061,1.0,1.0
1.0,-0.96758,-0.0017,1.0,1.0
1.0,-0.29279,-0.0047,1.0,1.0
1.0,-0.94572,-0.0281,1.0,1.0
1.0,-1.16638,-0.0529,1.0,1.0
1.0,-1.183,-0.0468,1.0,1.0
1.0,-0.93428,-0.0283,1.0,1.0
1.0,-0.49984,-0.0805,1.0,1.0
1.0,-1.48221,-0.0935,1.0,1.0
1.0,-0.88913,-0.1177,1.0,1.0
1.0,-0.2124,0.161,1.0,1.0
1.0,-0.19222,-0.0451,1.0,1.0
1.0,-0.00702,-0.0345,1.0,1.0
1.0,0.82096,0.1366,1.0,1.0
1.0,1.46983,0.0556,1.0,1.0
0.0,1.78594,0.0266,1.0,1.0
0.0,1.86339,0.0423,0.0,1.0
0.0,2.12222,0.0519,0.0,1.0
0.0,1.91668,0.0483,0.0,1.0
0.0,1.19825,-0.0659,0.0,1.0
0.0,1.06488,-0.0285,0.0,1.0
0.0,1.1129,-0.0426,0.0,1.0
0.0,1.52631,0.0531,0.0,1.0
0.0,1.89993,0.0264,0.0,1.0
0.0,1.8029,-0.016,0.0,1.0
0.0,2.28176,0.1216,0.0,1.0
0.0,2.26737,0.0032,0.0,1.0
0.0,1.96846,0.0232,0.0,1.0
0.0,2.07403,-0.0149,0.0,1.0
0.0,1.94361,-0.0134,0.0,1.0
0.0,1.75437,0.0405,0.0,1.0
0.0,1.96999,-0.0107,0.0,1.0
0.0,2.04613,-0.0056,0.0,1.0
0.0,1.98033,0.0207,0.0,1.0
0.0,2.05603,-0.0242,0.0,1.0
0.0,2.12651,0.0036,0.0,1.0
0.0,2.10868,0.0565,0.0,1.0
0.0,2.10254,-0.0405,0.0,1.0
0.0,2.19943,-0.0194,0.0,1.0
0.0,2.28484,-0.0137,0.0,1.0
0.0,2.28203,0.0015,0.0,1.0
0.0,1.96075,-0.0145,0.0,1.0
0.0,1.78298,0.0471,0.0,1.0
0.0,1.63702,-0.0169,0.0,1.0
0.0,1.2661,-0.0175,0.0,1.0
0.0,0.99705,-0.0027,0.0,1.0
0.0,0.76843,-0.0438,0.0,1.0
0.0,0.84454,0.04,0.0,1.0
0.0,0.9569,0.0027,0.0,1.0
0.0,0.90231,-0.0601,0.0,1.0
0.0,0.92645,-0.0138,0.0,1.0
0.0,1.04757,0.0285,0.0,1.0
0.0,1.04764,0.0788,0.0,1.0
0.0,0.93732,0.0176,0.0,1.0
0.0,0.82499,-0.0169,0.0,1.0
0.0,0.77689,0.0511,0.0,1.0
0.0,0.63627,0.0375,0.0,1.0
0.0,0.01336,-0.0143,0.0,1.0
0.0,-0.35575,-0.1191,0.0,1.0
0.0,-0.90509,0.0271,0.0,1.0
0.0,-0.84431,0.0088,0.0,1.0
0.0,-0.87443,0.0423,0.0,1.0
0.0,-0.81298,-0.0356,0.0,1.0
0.0,-0.8561,0.0568,0.0,1.0
0.0,-0.82162,-0.0006,0.0,1.0
0.0,-0.80874,-0.0221,0.0,1.0
0.0,-0.62901,0.0385,0.0,1.0
0.0,-0.77651,0.0082,0.0,1.0
0.0,-0.9591,0.0553,0.0,1.0
0.0,-1.41224,-0.0082,0.0,1.0
0.0,-2.02995,-0.081,0.0,1.0
0.0,-1.87797,0.0521,0.0,1.0
0.0,-2.13383,0.0179,0.0,1.0
1.0,-1.76311,0.0551,0.0,1.0
1.0,-1.37299,-0.0122,1.0,1.0
1.0,-3.31938,-0.129,1.0,1.0
1.0,-2.2334,0.0397,1.0,1.0
1.0,0.94962,0.0526,1.0,1.0
1.0,1.96338,0.0306,1.0,1.0
0.0,1.61572,0.0649,1.0,1.0
0.0,1.0036,0.018,0.0,1.0
0.0,0.18224,0.0219,0.0,1.0
0.0,-0.69302,0.0106,0.0,1.0
0.0,-1.7949,0.0959,0.0,1.0
0.0,-2.83456,-0.0452,0.0,1.0
0.0,-2.49327,-0.0504,0.0,1.0
0.0,-1.91292,0.0057,0.0,1.0
0.0,-0.69171,0.0356,0.0,1.0
0.0,-0.8596,-0.0211,0.0,1.0
0.0,-2.39939,0.0011,0.0,1.0
0.0,-1.70732,-0.0236,0.0,1.0
1.0,-1.67031,-0.0154,0.0,1.0
1.0,-1.9051,-0.0704,1.0,1.0
1.0,-0.95131,-0.0717,1.0,1.0
1.0,0.04216,0.0492,1.0,1.0
1.0,1.10362,0.0336,1.0,1.0
1.0,1.16777,-0.0365,1.0,1.0
1.0,0.57877,-0.0324,1.0,1.0
1.0,-0.36762,-0.0586,1.0,1.0
1.0,0.00166,-0.0187,1.0,1.0
1.0,-0.02055,0.0327,1.0,1.0
1.0,0.42027,-0.0399,1.0,1.0
1.0,0.45965,-0.0309,1.0,1.0
1.0,0.99897,-0.0319,1.0,1.0
1.0,2.27078,0.1114,1.0,1.0
1.0,2.15449,0.0129,1.0,1.0
1.0,1.97778,0.113,1.0,1.0
0.0,1.6016,0.0467,1.0,1.0
0.0,1.77634,0.0055,0.0,1.0
0.0,1.93867,0.036,0.0,1.0
0.0,1.86758,0.0259,0.0,1.0
0.0,1.53477,0.0282,0.0,1.0
0.0,1.50667,0.0667,0.0,1.0
0.0,1.57024,0.0052,0.0,1.0
0.0,1.3105,0.0307,0.0,1.0
0.0,1.40889,-0.0407,0.0,1.0
0.0,1.57398,-0.005,0.0,1.0
0.0,1.7636,0.0091,0.0,1.0
0.0,1.99239,-0.0344,0.0,1.0
0.0,2.02451,0.0216,0.0,1.0
0.0,1.90422,-0.0178,0.0,1.0
0.0,1.92477,-0.0192,0.0,1.0
0.0,1.90293,-0.0482,0.0,1.0
0.0,1.83962,0.0063,0.0,1.0
0.0,1.93074,-0.0051,0.0,1.0
0.0,2.13874,-0.0597,0.0,1.0
0.0,2.06557,0.0182,0.0,1.0
0.0,1.87903,-0.0274,0.0,1.0
0.0,1.22041,0.1028,0.0,1.0
0.0,1.18661,-0.008,0.0,1.0
0.0,1.48181,-0.0084,0.0,1.0
0.0,2.03973,-0.0176,0.0,1.0
0.0,2.51854,0.0184,0.0,1.0
0.0,2.69668,0.0799,0.0,1.0
0.0,2.41517,0.0122,0.0,1.0
0.0,2.20728,-0.0084,0.0,1.0
0.0,2.50679,-0.0096,0.0,1.0
0.0,2.57668,0.0509,0.0,1.0
0.0,2.52278,0.0127,0.0,1.0
0.0,2.54685,-0.0074,0.0,1.0
0.0,2.44276,-0.0102,0.0,1.0
0.0,2.52994,-0.0454,0.0,1.0
0.0,2.35097,0.0402,0.0,1.0
0.0,1.96338,0.0648,0.0,1.0
0.0,1.65152,0.0388,0.0,1.0
0.0,1.56707,0.0065,0.0,1.0
0.0,1.16821,0.0713,0.0,1.0
0.0,0.86764,0.0488,0.0,1.0
0.0,0.91916,-0.0131,0.0,1.0
0.0,1.18883,0.0462,0.0,1.0
0.0,1.19109,0.0103,0.0,1.0
0.0,1.1425,-0.0645,0.0,1.0
0.0,1.33575,0.0607,0.0,1.0
0.0,1.79944,-0.086,0.0,1.0
0.0,1.87204,0.0466,0.0,1.0
0.0,1.55232,0.0117,0.0,1.0
0.0,1.27975,-0.0327,0.0,1.0
0.0,1.36327,0.1247,0.0,1.0
0.0,1.36981,0.0439,0.0,1.0
0.0,1.35967,0.0164,0.0,1.0
0.0,1.77068,-0.0211,0.0,1.0
0.0,2.16311,0.0011,0.0,1.0
0.0,2.03049,0.0394,0.0,1.0
0.0,2.31003,0.0385,0.0,1.0
0.0,2.19957,0.0352,0.0,1.0
0.0,2.30662,-0.0259,0.0,1.0
0.0,2.34712,-0.2324,0.0,1.0
0.0,2.25085,-0.0777,0.0,1.0
0.0,2.19749,0.0681,0.0,1.0
0.0,2.01522,0.0421,0.0,1.0
0.0,1.91596,0.0475,0.0,1.0
0.0,2.08402,-0.0227,0.0,1.0
0.0,2.10185,0.0056,0.0,1.0
0.0,2.08592,-0.0029,0.0,1.0
0.0,1.77743,0.0479,0.0,1.0
0.0,1.621,-0.0125,0.0,1.0
0.0,1.3969,-0.0331,0.0,1.0
0.0,1.09955,0.033,0.0,1.0
0.0,0.86291,0.0115,0.0,1.0
0.0,0.64281,-0.0229,0.0,1.0
0.0,0.413,0.0149,0.0,1.0
0.0,0.25171,0.061,0.0,1.0
0.0,0.13091,-0.0225,0.0,1.0
0.0,-0.00187,0.0157,0.0,1.0
0.0,0.03787,0.0433,0.0,1.0
0.0,-0.01042,0.0335,0.0,1.0
0.0,-0.05463,-0.0135,0.0,1.0
0.0,0.0313,0.072,0.0,1.0
0.0,-0.01796,0.0144,0.0,1.0
0.0,0.05601,-0.0076,0.0,1.0
0.0,0.01185,-0.0367,0.0,1.0
0.0,0.01465,0.0103,0.0,1.0
0.0,0.05816,0.0116,0.0,1.0
0.0,0.2682,-0.0785,0.0,1.0
0.0,0.35527,0.0111,0.0,1.0
0.0,0.31286,0.0183,0.0,1.0
0.0,0.50707,-0.0336,0.0,1.0
0.0,0.56108,0.0842,0.0,1.0
0.0,0.43585,-0.0109,0.0,1.0
1.0,0.53876,-0.019,0.0,1.0
1.0,0.93922,-0.1015,1.0,1.0
1.0,1.12899,-0.0612,1.0,1.0
1.0,1.1357,-0.0192,1.0,1.0
1.0,0.96406,0.0635,1.0,1.0
1.0,1.0134,0.0246,1.0,1.0
1.0,1.44958,0.0469,1.0,1.0
1.0,1.58272,0.0719,1.0,1.0
0.0,1.83366,0.0265,1.0,1.0
0.0,1.98199,-0.0028,0.0,1.0
0.0,2.11119,0.0365,0.0,1.0
0.0,2.1633,-0.0494,0.0,1.0
0.0,2.20479,0.0424,0.0,1.0
0.0,2.17682,0.0232,0.0,1.0
0.0,2.08675,-0.0159,0.0,1.0
0.0,2.18795,0.0129,0.0,1.0
0.0,2.52085,-0.0419,0.0,1.0
0.0,2.72878,0.1084,0.0,1.0
0.0,2.90506,-0.0059,0.0,1.0
0.0,3.13368,0.0109,0.0,1.0
0.0,3.06727,-0.0266,0.0,1.0
0.0,3.32462,0.0107,0.0,1.0
0.0,3.362,0.003,0.0,1.0
0.0,3.22068,-0.0234,0.0,1.0
0.0,3.3227,0.0377,0.0,1.0
0.0,3.159,-0.0238,0.0,1.0
0.0,3.25133,0.0119,0.0,1.0
0.0,3.33034,0.0102,0.0,1.0
0.0,3.29027,0.0413,0.0,1.0
0.0,3.17649,0.0153,0.0,1.0
0.0,3.23894,0.0093,0.0,1.0
0.0,2.99003,0.0012,0.0,1.0
0.0,2.74633,0.023,0.0,1.0
0.0,2.8175,-0.0305,0.0,1.0
0.0,2.78278,0.0289,0.0,1.0
0.0,2.57628,0.0031,0.0,1.0
0.0,2.47494,-0.0034,0.0,1.0
0.0,2.37216,0.0371,0.0,1.0
0.0,2.14952,-0.0012,0.0,1.0
0.0,2.06058,0.0141,0.0,1.0
0.0,2.28903,-0.0189,0.0,1.0
0.0,2.36656,0.0165,0.0,1.0
0.0,2.42829,0.0287,0.0,1.0
0.0,2.35379,-0.0255,0.0,1.0
0.0,2.48072,-0.0478,0.0,1.0
0.0,2.62677,0.0068,0.0,1.0
0.0,2.30729,0.0058,0.0,1.0
0.0,2.2832,-0.0303,0.0,1.0
0.0,2.26742,0.0282,0.0,1.0
0.0,2.0799,0.0401,0.0,1.0
0.0,2.12283,-0.0231,0.0,1.0
0.0,2.02843,0.0134,0.0,1.0
0.0,1.89777,-0.0404,0.0,1.0
0.0,1.26131,0.0086,0.0,1.0
0.0,1.23348,0.018,0.0,1.0
0.0,1.12824,0.0363,0.0,1.0
0.0,1.01881,0.0219,0.0,1.0
0.0,1.0099,0.0211,0.0,1.0
0.0,0.7089,0.029,0.0,1.0
0.0,0.53008,0.0272,0.0,1.0
0.0,0.68432,0.0372,0.0,1.0
0.0,0.84117,0.0055,0.0,1.0
0.0,0.67997,0.0335,0.0,1.0
0.0,0.50892,-0.0152,0.0,1.0
0.0,0.45581,0.0396,0.0,1.0
0.0,0.38975,0.0103,0.0,1.0
0.0,0.54565,0.0226,0.0,1.0
0.0,0.84882,0.0133,0.0,1.0
0.0,1.09028,0.0073,0.0,1.0
0.0,1.21459,0.0206,0.0,1.0
0.0,1.36953,0.0236,0.0,1.0
0.0,1.39696,-0.0114,0.0,1.0
0.0,1.30887,-0.0597,0.0,1.0
0.0,1.26567,0.0277,0.0,1.0
0.0,1.33224,0.0501,0.0,1.0
0.0,1.18272,0.0086,0.0,1.0
0.0,0.91299,0.0625,0.0,1.0
0.0,1.03749,-0.017,0.0,1.0
0.0,1.23978,0.0499,0.0,1.0
0.0,1.13006,-0.0049,0.0,1.0
0.0,1.18083,-0.0503,0.0,1.0
0.0,1.25664,0.0404,0.0,1.0
0.0,1.15904,0.0674,0.0,1.0
0.0,1.12491,0.041,0.0,1.0
0.0,0.88117,0.0733,0.0,1.0
0.0,0.88555,-0.0415,0.0,1.0
0.0,0.90215,0.0535,0.0,1.0
0.0,0.73253,-0.038,0.0,1.0
0.0,0.50992,0.0298,0.0,1.0
0.0,0.37286,0.0132,0.0,1.0
0.0,0.33009,0.0015,0.0,1.0
0.0,0.318,0.0704,0.0,1.0
0.0,0.42413,0.0476,0.0,1.0
0.0,0.39441,0.0073,0.0,1.0
0.0,0.32285,-0.0307,0.0,1.0
0.0,0.20103,0.0318,0.0,1.0
0.0,0.25426,-0.0246,0.0,1.0
0.0,0.22142,-0.1608,0.0,1.0
0.0,0.0409,0.0615,0.0,1.0
0.0,0.35975,0.0713,0.0,1.0
0.0,0.27238,0.061,0.0,1.0
0.0,0.12075,0.0616,0.0,1.0
0.0,0.25839,0.035,0.0,1.0
0.0,0.41419,-0.0408,0.0,1.0
0.0,0.60266,0.0345,0.0,1.0
0.0,0.65625,0.0433,0.0,1.0
0.0,0.80579,-0.0246,0.0,1.0
0.0,0.88323,0.0477,0.0,1.0
0.0,1.02216,-0.0349,0.0,1.0
0.0,0.87038,-0.0138,0.0,1.0
0.0,0.84138,-0.0279,0.0,1.0
0.0,0.91935,0.0612,0.0,1.0
0.0,0.62109,0.0337,0.0,1.0
0.0,0.61336,0.0772,0.0,1.0
0.0,0.90944,-0.0474,0.0,1.0
0.0,0.55497,0.0245,0.0,1.0
0.0,0.17867,0.052,0.0,1.0
0.0,-0.03515,-0.064,0.0,1.0
0.0,0.09414,-0.0442,0.0,1.0
0.0,-0.09381,0.0464,0.0,1.0
0.0,-0.17141,-0.0251,0.0,1.0
0.0,-0.45014,0.0703,0.0,1.0
0.0,-0.38712,-0.0545,0.0,1.0
0.0,-0.50476,-0.0276,0.0,1.0
0.0,-0.54398,-0.1072,0.0,1.0
0.0,-0.61339,0.0119,0.0,1.0
0.0,0.0504,0.0313,0.0,1.0
0.0,0.23626,-0.1005,0.0,1.0
1.0,0.47114,-0.0726,0.0,1.0
1.0,1.14361,0.0794,1.0,1.0
1.0,1.61328,0.0072,1.0,1.0
1.0,1.68036,-0.0194,1.0,1.0
1.0,1.64236,-0.0213,1.0,1.0
1.0,1.54684,-0.0646,1.0,1.0
1.0,1.98286,-0.0925,1.0,1.0
1.0,2.34301,0.0246,1.0,1.0
0.0,2.66069,0.0754,1.0,1.0
0.0,3.18072,0.016,0.0,1.0
0.0,3.18335,-0.0144,0.0,1.0
0.0,2.96911,-0.0229,0.0,1.0
0.0,3.14031,0.0424,0.0,1.0
0.0,3.15419,-0.052,0.0,1.0
0.0,3.16694,-0.0138,0.0,1.0
0.0,3.01831,-0.0721,0.0,1.0
0.0,2.85155,-0.0818,0.0,1.0
0.0,2.56855,0.005,0.0,1.0
0.0,2.19378,-0.1035,0.0,1.0
0.0,2.30131,0.0784,0.0,1.0
0.0,2.69812,0.0596,0.0,1.0
0.0,2.70899,-0.0576,0.0,1.0
0.0,2.76833,-0.0257,0.0,1.0
0.0,2.64413,-0.0188,0.0,1.0
0.0,2.60761,0.0109,0.0,1.0
0.0,2.74197,0.0822,0.0,1.0
0.0,2.42629,0.0605,0.0,1.0
0.0,2.3547,0.0142,0.0,1.0
0.0,2.95171,0.0235,0.0,1.0
0.0,3.3225,0.0234,0.0,1.0
0.0,3.17007,-0.0124,0.0,1.0
0.0,3.19928,0.0608,0.0,1.0
0.0,3.18881,0.0135,0.0,1.0
0.0,3.19012,0.0429,0.0,1.0
0.0,3.09502,0.0215,0.0,1.0
0.0,3.00774,0.014,0.0,1.0
0.0,2.76725,-0.0132,0.0,1.0
0.0,3.16656,-0.0183,0.0,1.0
0.0,3.29984,0.0117,0.0,1.0
0.0,3.01833,0.0186,0.0,1.0
0.0,2.73823,-0.0406,0.0,1.0
0.0,2.46723,0.0008,0.0,1.0
0.0,2.17261,0.016,0.0,1.0
0.0,2.01316,0.0143,0.0,1.0
0.0,1.82813,0.0454,0.0,1.0
0.0,1.70557,0.0343,0.0,1.0
0.0,1.51483,-0.0276,0.0,1.0
0.0,1.30576,0.0189,0.0,1.0
0.0,1.39038,-0.0197,0.0,1.0
0.0,1.18677,-0.0261,0.0,1.0
0.0,0.96468,0.0365,0.0,1.0
0.0,0.77976,0.0057,0.0,1.0
0.0,0.66029,0.0392,0.0,1.0
0.0,0.49491,-0.0122,0.0,1.0
0.0,0.42725,0.0049,0.0,1.0
0.0,0.35337,-0.0202,0.0,1.0
0.0,0.26828,0.0361,0.0,1.0
0.0,0.17098,-0.0025,0.0,1.0
0.0,-0.00828,0.0304,0.0,1.0
0.0,-0.07708,-0.003,0.0,1.0
0.0,-0.03489,0.0146,0.0,1.0
0.0,0.12142,0.0073,0.0,1.0
0.0,0.13445,-0.0357,0.0,1.0
0.0,-0.01741,-0.0035,0.0,1.0
0.0,-0.12758,-0.0078,0.0,1.0
0.0,-0.23647,0.0203,0.0,1.0
0.0,-0.30814,0.0184,0.0,1.0
0.0,-0.32897,0.0323,0.0,1.0
0.0,-0.48355,0.0171,0.0,1.0
0.0,-0.45092,0.0087,0.0,1.0
0.0,-0.3307,0.014,0.0,1.0
0.0,-0.37902,-0.0196,0.0,1.0
0.0,-0.46105,0.0068,0.0,1.0
0.0,-0.30642,0.0349,0.0,1.0
0.0,-0.16815,0.0324,0.0,1.0
0.0,0.18566,-0.0196,0.0,1.0
0.0,0.01962,-0.0373,0.0,1.0
0.0,0.16008,0.0092,0.0,1.0
0.0,0.35018,0.0322,0.0,1.0
0.0,0.40016,0.018,0.0,1.0
0.0,0.59115,-0.0483,0.0,1.0
1.0,0.77507,-0.0087,0.0,1.0
1.0,0.91226,-0.0636,1.0,1.0
1.0,1.62654,-0.0309,1.0,1.0
1.0,1.96706,-0.0093,1.0,1.0
1.0,2.06089,0.046,1.0,1.0
1.0,1.98247,0.0186,1.0,1.0
1.0,1.88249,-0.0844,1.0,1.0
1.0,1.99702,-0.0077,1.0,1.0
1.0,1.89162,0.0153,1.0,1.0
1.0,2.0103,-0.0924,1.0,1.0
1.0,2.53741,-0.1723,1.0,1.0
1.0,2.73846,-0.0786,1.0,1.0
1.0,2.1311,0.0174,1.0,1.0
1.0,2.18866,-0.0812,1.0,1.0
1.0,2.37933,-0.101,1.0,1.0
1.0,2.36075,0.0895,1.0,1.0
1.0,2.53774,0.1018,1.0,1.0
1.0,2.93693,0.0521,1.0,1.0
0.0,3.34236,0.0043,1.0,1.0
0.0,3.22801,0.0772,0.0,1.0
0.0,3.26698,0.0333,0.0,1.0
0.0,3.13342,0.0408,0.0,1.0
0.0,3.17377,-0.0259,0.0,1.0
0.0,3.19345,0.0556,0.0,1.0
0.0,3.35703,0.0275,0.0,1.0
0.0,3.51209,-0.0336,0.0,1.0
0.0,3.44351,0.034,0.0,1.0
0.0,3.44206,0.0631,0.0,1.0
0.0,3.53766,0.02,0.0,1.0
0.0,3.14276,-0.0789,0.0,1.0
0.0,2.95982,-0.0557,0.0,1.0
0.0,2.76554,0.0693,0.0,1.0
0.0,2.47415,-0.0477,0.0,1.0
0.0,2.42545,0.0954,0.0,1.0
0.0,2.32824,0.0388,0.0,1.0
0.0,2.54256,0.006,0.0,1.0
0.0,3.04699,0.0682,0.0,1.0
0.0,3.15377,0.0199,0.0,1.0
0.0,3.34737,0.0349,0.0,1.0
0.0,3.19312,0.0046,0.0,1.0
0.0,3.28147,0.029,0.0,1.0
0.0,3.03078,-0.0127,0.0,1.0
0.0,2.85587,-0.0175,0.0,1.0
0.0,2.87587,-0.0235,0.0,1.0
0.0,2.21394,-0.0599,0.0,1.0
0.0,1.92065,-0.0759,0.0,1.0
0.0,2.07721,0.1135,0.0,1.0
0.0,1.94006,-0.0028,0.0,1.0
0.0,1.91065,0.0074,0.0,1.0
0.0,1.88084,0.0505,0.0,1.0
0.0,1.83083,0.0442,0.0,1.0
0.0,2.00677,0.0311,0.0,1.0
0.0,1.88925,-0.0085,0.0,1.0
0.0,1.63396,-0.0619,0.0,1.0
0.0,1.45699,0.0389,0.0,1.0
0.0,1.36839,0.0079,0.0,1.0
0.0,1.52602,0.0255,0.0,1.0
0.0,1.56535,0.0273,0.0,1.0
0.0,1.58484,-0.0176,0.0,1.0
0.0,1.49651,0.0078,0.0,1.0
0.0,1.58536,0.0118,0.0,1.0
0.0,1.78197,0.0557,0.0,1.0
0.0,1.84063,0.0129,0.0,1.0
0.0,1.83102,0.0403,0.0,1.0
0.0,1.65468,0.0155,0.0,1.0
0.0,1.8316,0.028,0.0,1.0
0.0,2.18394,-0.012,0.0,1.0
0.0,2.47727,0.0565,0.0,1.0
0.0,2.63313,-0.0271,0.0,1.0
0.0,2.73124,0.0377,0.0,1.0
0.0,2.50626,0.0418,0.0,1.0
0.0,2.58365,0.0313,0.0,1.0
0.0,2.75873,0.0281,0.0,1.0
0.0,2.74986,-0.0332,0.0,1.0
0.0,2.59392,0.0465,0.0,1.0
0.0,2.60366,0.0043,0.0,1.0
0.0,2.62393,-0.0019,0.0,1.0
0.0,2.47778,0.0206,0.0,1.0
0.0,2.50677,0.0261,0.0,1.0
0.0,2.44827,-0.0204,0.0,1.0
0.0,2.34118,0.0424,0.0,1.0
0.0,2.45852,-0.0197,0.0,1.0
0.0,2.22395,0.0252,0.0,1.0
0.0,2.23326,0.0255,0.0,1.0
0.0,2.07592,-0.0006,0.0,1.0
0.0,1.78254,-0.0311,0.0,1.0
0.0,1.89065,0.0613,0.0,1.0
0.0,1.90946,-0.0112,0.0,1.0
0.0,1.83141,0.0059,0.0,1.0
0.0,2.09614,0.0136,0.0,1.0
0.0,2.24257,-0.0153,0.0,1.0
0.0,2.17348,0.0154,0.0,1.0
0.0,1.92673,-0.0604,0.0,1.0
0.0,1.96675,-0.0307,0.0,1.0
0.0,1.93885,0.0775,0.0,1.0
0.0,1.91471,0.0057,0.0,1.0
0.0,1.72498,-0.0217,0.0,1.0
0.0,1.63823,-0.0577,0.0,1.0
0.0,1.3241,-0.0007,0.0,1.0
0.0,1.4121,0.0696,0.0,1.0
0.0,1.42364,0.0091,0.0,1.0
0.0,1.3836,0.0178,0.0,1.0
0.0,1.2265,-0.0005,0.0,1.0
0.0,1.09867,0.0395,0.0,1.0
0.0,1.10771,0.0049,0.0,1.0
0.0,1.15659,0.0025,0.0,1.0
0.0,1.27442,-0.0202,0.0,1.0
0.0,1.54702,0.0486,0.0,1.0
0.0,1.82901,0.0182,0.0,1.0
0.0,1.79048,0.0194,0.0,1.0
0.0,1.75067,0.0357,0.0,1.0
0.0,1.5788,0.0017,0.0,1.0
0.0,1.34287,0.0109,0.0,1.0
0.0,1.25265,0.0106,0.0,1.0
0.0,1.07488,0.0078,0.0,1.0
0.0,1.18195,0.0187,0.0,1.0
0.0,1.07439,0.0016,0.0,1.0
0.0,1.02449,0.0251,0.0,1.0
0.0,1.10069,0.0225,0.0,1.0
0.0,0.9605,0.0312,0.0,1.0
0.0,0.89894,0.0106,0.0,1.0
0.0,0.95411,0.0557,0.0,1.0
0.0,1.06603,-0.0365,0.0,1.0
0.0,0.92603,-0.0235,0.0,1.0
0.0,0.89492,0.0029,0.0,1.0
0.0,0.91134,0.0265,0.0,1.0
0.0,0.80314,0.0048,0.0,1.0
0.0,0.73344,0.0319,0.0,1.0
0.0,0.65301,0.0344,0.0,1.0
0.0,0.6593,0.0006,0.0,1.0
0.0,0.69418,-0.0768,0.0,1.0
0.0,0.60472,0.0169,0.0,1.0
0.0,0.30298,-0.0957,0.0,1.0
0.0,0.2164,0.084,0.0,1.0
0.0,0.19724,0.034,0.0,1.0
0.0,0.09006,0.011,0.0,1.0
0.0,0.10136,0.0397,0.0,1.0
0.0,0.01472,-0.0694,0.0,1.0
0.0,-0.06672,0.0693,0.0,1.0
0.0,0.0039,0.0119,0.0,1.0
0.0,-0.26757,-0.0258,0.0,1.0
0.0,-0.15853,0.0143,0.0,1.0
0.0,0.07225,0.0206,0.0,1.0
0.0,0.2408,0.0388,0.0,1.0
0.0,0.29994,0.0277,0.0,1.0
0.0,0.2218,-0.0011,0.0,1.0
1.0,0.01615,-0.0813,0.0,1.0
1.0,0.57613,-0.1339,1.0,1.0
0.0,0.4878,0.1365,1.0,1.0
0.0,0.51774,0.0558,0.0,1.0
0.0,0.54731,0.0246,0.0,1.0
0.0,0.47806,0.0577,0.0,1.0
0.0,0.52788,0.0763,0.0,1.0
0.0,0.55768,-0.0363,0.0,1.0
0.0,0.67688,-0.021,0.0,1.0
0.0,0.76622,0.1247,0.0,1.0
0.0,0.83569,0.0463,0.0,1.0
0.0,0.9842,-0.0003,0.0,1.0
0.0,1.19212,0.0278,0.0,1.0
0.0,1.54717,0.0308,0.0,1.0
0.0,1.5867,0.0493,0.0,1.0
0.0,1.56702,0.0029,0.0,1.0
0.0,1.45856,0.0275,0.0,1.0
0.0,1.26136,0.0127,0.0,1.0
0.0,1.21187,0.0291,0.0,1.0
0.0,1.3107,-0.0437,0.0,1.0
0.0,1.50764,0.0665,0.0,1.0
0.0,1.47795,-0.0155,0.0,1.0
0.0,1.30927,0.031,0.0,1.0
0.0,1.41456,-0.0625,0.0,1.0
0.0,1.2711,-0.0229,0.0,1.0
0.0,1.27677,0.0306,0.0,1.0
0.0,1.48097,-0.0946,0.0,1.0
0.0,1.40611,-0.0034,0.0,1.0
0.0,0.97613,-0.0844,0.0,1.0
0.0,0.08918,0.0957,0.0,1.0
0.0,-0.20294,-0.0377,0.0,1.0
0.0,-0.18711,-0.0935,0.0,1.0
0.0,-0.29916,0.0783,0.0,1.0
0.0,-0.68903,0.0461,0.0,1.0
0.0,-1.02006,-0.0641,0.0,1.0
0.0,-1.22835,0.0664,0.0,1.0
0.0,-1.15776,-0.0259,0.0,1.0
0.0,-1.20406,0.0251,0.0,1.0
0.0,-1.41742,0.0061,0.0,1.0
0.0,-1.55414,0.0035,0.0,1.0
0.0,-1.54257,0.0647,0.0,1.0
0.0,-1.47915,0.0321,0.0,1.0
0.0,-1.22976,-0.0239,0.0,1.0
0.0,-1.05877,-0.0524,0.0,1.0
0.0,-0.67747,-0.0318,0.0,1.0
0.0,-0.87294,0.0883,0.0,1.0
0.0,-1.21175,0.0487,0.0,1.0
0.0,-1.07202,0.007,0.0,1.0
0.0,-0.99887,0.0507,0.0,1.0
0.0,-1.01913,0.0283,0.0,1.0
0.0,-0.74348,-0.0467,0.0,1.0
0.0,-0.82115,0.0434,0.0,1.0
0.0,-0.96374,0.0277,0.0,1.0
0.0,-0.87947,0.0124,0.0,1.0
0.0,-0.97132,0.0161,0.0,1.0
0.0,-0.79212,0.0174,0.0,1.0
0.0,-0.3051,-0.0097,0.0,1.0
0.0,-0.06576,0.0651,0.0,1.0
